{
	"operation": "publish",
	"data": {
	"bomTemplates" : [
		{
			"bomTemplateId": "T01",
			"solutionType": "branchInABox",
			"bomTemplateName": "Template01",
			"bomTemplateStartDate": "02/26/2018",
			"bomTemplateExpiryDate": "02/26/2019",
			"bomSelectionCriteria": "TBD",
			"author": "verizon",
			"authoredDate": "02/26/2018",
			"products": [
				{
					"prodcutId": "VZ00023",
					"family": "SDWAN",
					"productName": "0-99 users",
					"mandatory": "true",
					"items": [
						{
							"itemType": "service",
							"itemName": "Viptela - Complete - SM",
							"mandatory": "true",
							"quantity": "NA",
							"unitOfMeasure": "NA",
							"unitOneTimeCharge": "NA",
							"oneTimeCharge": "175.00",
							"unitMonthlyRecurring": "NA",
							"monthlyRecurring": "65.00",
							"shippable": "NA",
							"city": "Dallas",
							"state": "TX",
							"zipcode": "75048",
							"country": "USA"
						},
						{
							"itemType": "resource",
							"itemName": "uCPE",
							"mandatory": "true",
							"quantity": "1",
							"unitOfMeasure": "per 100 user",
							"unitOneTimeCharge": "NA",
							"oneTimeCharge": "NA",
							"unitMonthlyRecurring": "5.00",
							"monthlyRecurring": "5.00",
							"shippable": "default",
							"address": "18405 Sycamore Lane Pikesville, MD 21208 USA",
							"city": "Pikesville",
							"state": "MD",
							"zipcode": "75048",
							"country": "USA"
						},
						{
							"itemType": "service",
							"itemName": "Annual Maintenance",
							"mandatory": "false",
							"quantity": "NA",
							"unitOfMeasure": "NA",
							"unitOneTimeCharge": "NA",
							"oneTimeCharge": "NA",
							"unitMonthlyRecurring": "NA",
							"monthlyRecurring": "20.00",
							"shippable": "NA",
							"address": "",
							"city": "Dallas",
							"state": "TX",
							"zipcode": "75048",
							"country": "USA"
						},
						{
							"itemType": "service",
							"itemName": "200 MBPs Internet",
							"mandatory": "true",
							"quantity": "NA",
							"unitOfMeasure": "NA",
							"unitOneTimeCharge": "NA",
							"oneTimeCharge": "Included",
							"unitMonthlyRecurring": "NA",
							"monthlyRecurring": "Included",
							"shippable": "NA",
							"address": "",
							"city": "Dallas",
							"state": "TX",
							"zipcode": "75048",
							"country": "USA"
						},
						{
							"itemType": "service",
							"itemName": "Installation Service",
							"mandatory": "false",
							"quantity": "1",
							"unitOfMeasure": "uCPE",
							"unitOneTimeCharge": "100.00",
							"oneTimeCharge": "100.00",
							"unitMonthlyRecurring": "NA",
							"monthlyRecurring": "NA",
							"shippable": "service",
							"address": "18405 Sycamore Lane Pikesville, MD 21208 USA",
							"city": "Pikesville",
							"state": "MD",
							"zipcode": "75048",
							"country": "USA"
						}
					]
				},
				{
					"prodcutId": "VZ00024",
					"family": "Managed LAN",
					"productName": "LAN",
					"mandatory": "false",
					"items": [
						{
							"itemType": "service",
							"itemName": "Wired LAN Monitoring",
							"mandatory": "false",
							"quantity": "1",
							"unitOfMeasure": "per 100 users",
							"unitOneTimeCharge": "",
							"oneTimeCharge": "",
							"unitMonthlyRecurring": "22.00",
							"monthlyRecurring": "22.00",
							"shippable": "NA",
							"address": "",
							"city": "Dallas",
							"state": "TX",
							"zipcode": "75048",
							"country": "USA"
						},
						{
							"itemType": "resource",
							"itemName": "uCPE",
							"mandatory": "false",
							"quantity": "5",
							"unitOfMeasure": "per 20 user",
							"unitOneTimeCharge": "75.00",
							"oneTimeCharge": "375.00",
							"unitMonthlyRecurring": "",
							"monthlyRecurring": "",
							"shippable": "default",
							"address": "1001 Beltline Road Dallas, Tx 75048 USA",
							"city": "Dallas",
							"state": "TX",
							"zipcode": "75048",
							"country": "USA"
						},
						{
							"itemType": "resource",
							"itemName": "Cable and Connectors",
							"mandatory": "false",
							"quantity": "100",
							"unitOfMeasure": "users",
							"unitOneTimeCharge": "5.00",
							"oneTimeCharge": "500.00",
							"unitMonthlyRecurring": "",
							"monthlyRecurring": "",
							"shippable": "default",
							"address": "1001 Beltline Road Dallas, Tx 75048 USA",
							"city": "Dallas",
							"state": "TX",
							"zipcode": "75048",
							"country": "USA"
						},
						{
							"itemType": "service",
							"itemName": "Installation Service",
							"mandatory": "false",
							"quantity": "100",
							"unitOfMeasure": "users",
							"unitOneTimeCharge": "7.00",
							"oneTimeCharge": "700.00",
							"unitMonthlyRecurring": "",
							"monthlyRecurring": "",
							"shippable": "service",
							"address": "1001 Beltline Road Dallas, Tx 75048 USA",
							"city": "Dallas",
							"state": "TX",
							"zipcode": "75048",
							"country": "USA"
						}
					]
				},
				{
					"prodcutId": "VZ00025",
					"family": "Primary Access",
					"productName": "Primary",
					"mandatory": "false",
					"items": [
						{
							"itemType": "service",
							"itemName": "100 MBPs Local Loop",
							"mandatory": "false",
							"quantity": "NA",
							"unitOfMeasure": "NA",
							"unitOneTimeCharge": "100.00",
							"oneTimeCharge": "100.00",
							"unitMonthlyRecurring": "20.00",
							"monthlyRecurring": "20.00",
							"shippable": "NA",
							"address": "",
							"city": "Dallas",
							"state": "TX",
							"zipcode": "75048",
							"country": "USA"
						},
						{
							"itemType": "resource",
							"itemName": "uCPE",
							"mandatory": "false",
							"quantity": "1",
							"unitOfMeasure": "per Local Loop",
							"unitOneTimeCharge": "100.00",
							"oneTimeCharge": "100.00",
							"unitMonthlyRecurring": "",
							"monthlyRecurring": "",
							"shippable": "default",
							"address": "1001 Beltline Road Dallas, Tx 75048 USA",
							"city": "Dallas",
							"state": "TX",
							"zipcode": "75048",
							"country": "USA"
						},
						{
							"itemType": "service",
							"itemName": "Installation Service",
							"mandatory": "false",
							"quantity": "",
							"unitOfMeasure": "",
							"unitOneTimeCharge": "100.00",
							"oneTimeCharge": "100.00",
							"unitMonthlyRecurring": "NA",
							"monthlyRecurring": "NA",
							"shippable": "NA",
							"address": "",
							"city": "Dallas",
							"state": "TX",
							"zipcode": "75048",
							"country": "USA"
						}
					]
				},
				{
					"prodcutId": "VZ00025",
					"family": "Backup Access",
					"productName": "Backup",
					"mandatory": "false",
					"items": [
						{
							"itemType": "service",
							"itemName": "Wireless 50MBPs Access",
							"mandatory": "false",
							"quantity": "NA",
							"unitOfMeasure": "NA",
							"unitOneTimeCharge": "80.00",
							"oneTimeCharge": "80.00",
							"unitMonthlyRecurring": "15.00",
							"monthlyRecurring": "15.00",
							"shippable": "NA",
							"address": "",
							"city": "Dallas",
							"state": "TX",
							"zipcode": "75048",
							"country": "USA"
						},
						{
							"itemType": "resource",
							"itemName": "uCPE",
							"mandatory": "false",
							"quantity": "1",
							"unitOfMeasure": "per Local Loop",
							"unitOneTimeCharge": "80.00",
							"oneTimeCharge": "80.00",
							"unitMonthlyRecurring": "",
							"monthlyRecurring": "",
							"shippable": "default",
							"address": "951 Helen Drive Bartlett, IL 60103",
							"city": "Bartlett",
							"state": "IL",
							"zipcode": "75048",
							"country": "USA"
						},
						{
							"itemType": "service",
							"itemName": "Installation Service",
							"mandatory": "false",
							"quantity": "",
							"unitOfMeasure": "",
							"unitOneTimeCharge": "80.00",
							"oneTimeCharge": "80.00",
							"unitMonthlyRecurring": "NA",
							"monthlyRecurring": "NA",
							"shippable": "service",
							"address": "1001 Beltline Road Dallas, Tx 75048 USA",
							"city": "Dallas",
							"state": "TX",
							"zipcode": "75048",
							"country": "USA"
						}
					]
				},
				{
					"prodcutId": "VZ00025",
					"family": "Private IP",
					"productName": "Private IP",
					"mandatory": "false",
					"items": [
						{
							"itemType": "service",
							"itemName": "Static IP services",
							"mandatory": "false",
							"quantity": "1",
							"unitOfMeasure": "Requests",
							"unitOneTimeCharge": "200.00",
							"oneTimeCharge": "200.00",
							"unitMonthlyRecurring": "100.00",
							"monthlyRecurring": "100.00",
							"shippable": "NA",
							"address": "",
							"city": "Dallas",
							"state": "TX",
							"zipcode": "75048",
							"country": "USA"
						}
					]
				},
				{
					"prodcutId": "VZ00030",
					"family": "Managed Sec",
					"productName": "0-99 Basic Security",
					"mandatory": "false",
					"items": [
						{
							"itemType": "service",
							"itemName": "Surveillance services",
							"mandatory": "false",
							"quantity": "1",
							"unitOfMeasure": "per 100 users",
							"unitOneTimeCharge": "",
							"oneTimeCharge": "",
							"unitMonthlyRecurring": "75.00",
							"monthlyRecurring": "75.00",
							"shippable": "NA",
							"address": "951 Helen Drive Bartlett, IL 60103",
							"city": "Bartlett",
							"state": "IL",
							"zipcode": "60103",
							"country": "USA"
						},
						{
							"itemType": "resource",
							"itemName": "uCPE",
							"mandatory": "false",
							"quantity": "1",
							"unitOfMeasure": "per 100 Users",
							"unitOneTimeCharge": "75.00",
							"oneTimeCharge": "75.00",
							"unitMonthlyRecurring": "",
							"monthlyRecurring": "",
							"shippable": "default",
							"address": "8350 Wellness Drive Mason City, IA 50401 USA",
							"city": "Mason City",
							"state": "IA",
							"zipcode": "85705",
							"country": "USA"
						}
					]
				}
			]
		},
		{
			"bomTemplateId": "T02",
			"solutionType": "branchInABox",
			"bomTemplateName": "Template02",
			"bomTemplateStartDate": "02/26/2018",
			"bomTemplateExpiryDate": "02/26/2019",
			"bomSelectionCriteria": "TBD",
			"author": "verizon",
			"authoredDate": "02/26/2018",
			"products": [
				{
					"prodcutId": "VZ00023",
					"family": "SDWAN",
					"productName": "0-99 users",
					"mandatory": "true",
					"items": [
						{
							"itemType": "service",
							"itemName": "Viptela - Complete - SM",
							"mandatory": "true",
							"quantity": "NA",
							"unitOfMeasure": "NA",
							"unitOneTimeCharge": "NA",
							"oneTimeCharge": "175.00",
							"unitMonthlyRecurring": "NA",
							"monthlyRecurring": "65.00",
							"shippable": "NA",
							"address": "",
							"city": "Dallas",
							"state": "TX",
							"zipcode": "75048",
							"country": "USA"
						},
						{
							"itemType": "resource",
							"itemName": "uCPE",
							"mandatory": "true",
							"quantity": "1",
							"unitOfMeasure": "per 100 user",
							"unitOneTimeCharge": "NA",
							"oneTimeCharge": "NA",
							"unitMonthlyRecurring": "5.00",
							"monthlyRecurring": "5.00",
							"shippable": "default",
							"address": "1001 Beltline Road Dallas, Tx 75048 USA",
							"city": "Dallas",
							"state": "TX",
							"zipcode": "75048",
							"country": "USA"
						},
						{
							"itemType": "service",
							"itemName": "Annual Maintenance",
							"mandatory": "false",
							"quantity": "NA",
							"unitOfMeasure": "NA",
							"unitOneTimeCharge": "NA",
							"oneTimeCharge": "NA",
							"unitMonthlyRecurring": "NA",
							"monthlyRecurring": "20.00",
							"shippable": "NA",
							"address": "",
							"city": "Dallas",
							"state": "TX",
							"zipcode": "75048",
							"country": "USA"
						},
						{
							"itemType": "service",
							"itemName": "200 MBPs Internet",
							"mandatory": "true",
							"quantity": "NA",
							"unitOfMeasure": "NA",
							"unitOneTimeCharge": "NA",
							"oneTimeCharge": "Included",
							"unitMonthlyRecurring": "NA",
							"monthlyRecurring": "Included",
							"shippable": "NA",
							"address": "",
							"city": "Dallas",
							"state": "TX",
							"zipcode": "75048",
							"country": "USA"
						},
						{
							"itemType": "service",
							"itemName": "Installation Service",
							"mandatory": "false",
							"quantity": "1",
							"unitOfMeasure": "uCPE",
							"unitOneTimeCharge": "100.00",
							"oneTimeCharge": "100.00",
							"unitMonthlyRecurring": "NA",
							"monthlyRecurring": "NA",
							"shippable": "service",
							"address": "1001 Beltline Road Dallas, Tx 75048 USA",
							"city": "Dallas",
							"state": "TX",
							"zipcode": "75048",
							"country": "USA"
						}
					]
				},
				{
					"prodcutId": "VZ00031",
					"family": "Managed WIFI",
					"productName": "WIFI min Config(1 floor, 2500sqft)",
					"mandatory": "true",
					"items": [
						{
							"itemType": "resource",
							"itemName": "WiFi Gateway uCPE",
							"mandatory": "true",
							"quantity": "1",
							"unitOfMeasure": "per 100 users",
							"unitOneTimeCharge": "275.00",
							"oneTimeCharge": "275.00",
							"unitMonthlyRecurring": "20.00",
							"monthlyRecurring": "20.00",
							"shippable": "default",
							"address": "1001 Beltline Road Dallas, Tx 75048 USA",
							"city": "Dallas",
							"state": "TX",
							"zipcode": "75048",
							"country": "USA"
						},
						{
							"itemType": "service",
							"itemName": "SSID",
							"mandatory": "true",
							"quantity": "2",
							"unitOfMeasure": "Requested",
							"unitOneTimeCharge": "Included",
							"oneTimeCharge": "Included",
							"unitMonthlyRecurring": "Included",
							"monthlyRecurring": "Included",
							"shippable": "NA",
							"address": "",
							"city": "Dallas",
							"state": "TX",
							"zipcode": "75048",
							"country": "USA"
						},
						{
							"itemType": "resource",
							"itemName": "Beacons",
							"mandatory": "true",
							"quantity": "2",
							"unitOfMeasure": "Requested",
							"unitOneTimeCharge": "100.00",
							"oneTimeCharge": "200.00",
							"unitMonthlyRecurring": "",
							"monthlyRecurring": "",
							"shippable": "default",
							"address": "1001 Beltline Road Dallas, Tx 75048 USA",
							"city": "Dallas",
							"state": "TX",
							"zipcode": "75048",
							"country": "USA"
						},
						{
							"itemType": "service",
							"itemName": "Service Management",
							"mandatory": "true",
							"quantity": "1",
							"unitOfMeasure": "per 100 Users",
							"unitOneTimeCharge": "",
							"oneTimeCharge": "",
							"unitMonthlyRecurring": "100.00",
							"monthlyRecurring": "100.00",
							"shippable": "service",
							"address": "1001 Beltline Road Dallas, Tx 75048 USA",
							"city": "Dallas",
							"state": "TX",
							"zipcode": "75048",
							"country": "USA"
						},
						{
							"itemType": "service",
							"itemName": "Installation Service",
							"mandatory": "false",
							"quantity": "1",
							"unitOfMeasure": "per Floor",
							"unitOneTimeCharge": "300.00",
							"oneTimeCharge": "300.00",
							"unitMonthlyRecurring": "NA",
							"monthlyRecurring": "NA",
							"shippable": "service",
							"address": "1001 Beltline Road Dallas, Tx 75048 USA",
							"city": "Dallas",
							"state": "TX",
							"zipcode": "75048",
							"country": "USA"
						}
					]
				},
				{
					"prodcutId": "VZ00024",
					"family": "Managed LAN",
					"productName": "LAN",
					"mandatory": "false",
					"items": [
						{
							"itemType": "service",
							"itemName": "Wired LAN Monitoring",
							"mandatory": "false",
							"quantity": "1",
							"unitOfMeasure": "per 100 users",
							"unitOneTimeCharge": "",
							"oneTimeCharge": "",
							"unitMonthlyRecurring": "22.00",
							"monthlyRecurring": "22.00",
							"shippable": "NA",
							"address": "",
							"city": "Dallas",
							"state": "TX",
							"zipcode": "75048",
							"country": "USA"
						},
						{
							"itemType": "resource",
							"itemName": "uCPE",
							"mandatory": "false",
							"quantity": "5",
							"unitOfMeasure": "per 20 user",
							"unitOneTimeCharge": "75.00",
							"oneTimeCharge": "375.00",
							"unitMonthlyRecurring": "",
							"monthlyRecurring": "",
							"shippable": "default",
							"address": "1001 Beltline Road Dallas, Tx 75048 USA",
							"city": "Dallas",
							"state": "TX",
							"zipcode": "75048",
							"country": "USA"
						},
						{
							"itemType": "resource",
							"itemName": "Cable and Connectors",
							"mandatory": "false",
							"quantity": "100",
							"unitOfMeasure": "users",
							"unitOneTimeCharge": "5.00",
							"oneTimeCharge": "500.00",
							"unitMonthlyRecurring": "",
							"monthlyRecurring": "",
							"shippable": "default",
							"address": "1001 Beltline Road Dallas, Tx 75048 USA",
							"city": "Dallas",
							"state": "TX",
							"zipcode": "75048",
							"country": "USA"
						},
						{
							"itemType": "service",
							"itemName": "Installation Service",
							"mandatory": "false",
							"quantity": "100",
							"unitOfMeasure": "users",
							"unitOneTimeCharge": "7.00",
							"oneTimeCharge": "700.00",
							"unitMonthlyRecurring": "",
							"monthlyRecurring": "",
							"shippable": "service",
							"address": "1001 Beltline Road Dallas, Tx 75048 USA",
							"city": "Dallas",
							"state": "TX",
							"zipcode": "75048",
							"country": "USA"
						}
					]
				},
				{
					"prodcutId": "VZ00025",
					"family": "Primary Access",
					"productName": "Primary",
					"mandatory": "false",
					"items": [
						{
							"itemType": "service",
							"itemName": "100 MBPs Local Loop",
							"mandatory": "false",
							"quantity": "NA",
							"unitOfMeasure": "NA",
							"unitOneTimeCharge": "100.00",
							"oneTimeCharge": "100.00",
							"unitMonthlyRecurring": "20.00",
							"monthlyRecurring": "20.00",
							"shippable": "NA",
							"address": "",
							"city": "Dallas",
							"state": "TX",
							"zipcode": "75048",
							"country": "USA"
						},
						{
							"itemType": "resource",
							"itemName": "uCPE",
							"mandatory": "false",
							"quantity": "1",
							"unitOfMeasure": "per Local Loop",
							"unitOneTimeCharge": "100.00",
							"oneTimeCharge": "100.00",
							"unitMonthlyRecurring": "",
							"monthlyRecurring": "",
							"shippable": "default",
							"address": "1001 Beltline Road Dallas, Tx 75048 USA",
							"city": "Dallas",
							"state": "TX",
							"zipcode": "75048",
							"country": "USA"
						},
						{
							"itemType": "service",
							"itemName": "Installation Service",
							"mandatory": "false",
							"quantity": "",
							"unitOfMeasure": "",
							"unitOneTimeCharge": "100.00",
							"oneTimeCharge": "100.00",
							"unitMonthlyRecurring": "NA",
							"monthlyRecurring": "NA",
							"shippable": "NA",
							"address": "",
							"city": "Dallas",
							"state": "TX",
							"zipcode": "75048",
							"country": "USA"
						}
					]
				},
				{
					"prodcutId": "VZ00025",
					"family": "Backup Access",
					"productName": "Backup",
					"mandatory": "false",
					"items": [
						{
							"itemType": "service",
							"itemName": "Wireless 50MBPs Access",
							"mandatory": "false",
							"quantity": "NA",
							"unitOfMeasure": "NA",
							"unitOneTimeCharge": "80.00",
							"oneTimeCharge": "80.00",
							"unitMonthlyRecurring": "15.00",
							"monthlyRecurring": "15.00",
							"shippable": "NA",
							"address": "",
							"city": "Dallas",
							"state": "TX",
							"zipcode": "75048",
							"country": "USA"
						},
						{
							"itemType": "resource",
							"itemName": "uCPE",
							"mandatory": "false",
							"quantity": "1",
							"unitOfMeasure": "per Local Loop",
							"unitOneTimeCharge": "80.00",
							"oneTimeCharge": "80.00",
							"unitMonthlyRecurring": "",
							"monthlyRecurring": "",
							"shippable": "default",
							"address": "1001 Beltline Road Dallas, Tx 75048 USA",
							"city": "Dallas",
							"state": "TX",
							"zipcode": "75048",
							"country": "USA"
						},
						{
							"itemType": "service",
							"itemName": "Installation Service",
							"mandatory": "false",
							"quantity": "",
							"unitOfMeasure": "",
							"unitOneTimeCharge": "80.00",
							"oneTimeCharge": "80.00",
							"unitMonthlyRecurring": "NA",
							"monthlyRecurring": "NA",
							"shippable": "NA",
							"address": "",
							"city": "Dallas",
							"state": "TX",
							"zipcode": "75048",
							"country": "USA"
						}
					]
				},
				{
					"prodcutId": "VZ00025",
					"family": "Private IP",
					"productName": "Private IP",
					"mandatory": "false",
					"items": [
						{
							"itemType": "service",
							"itemName": "Static IP services",
							"mandatory": "false",
							"quantity": "1",
							"unitOfMeasure": "Requests",
							"unitOneTimeCharge": "200.00",
							"oneTimeCharge": "200.00",
							"unitMonthlyRecurring": "100.00",
							"monthlyRecurring": "100.00",
							"shippable": "NA",
							"address": "",
							"city": "Dallas",
							"state": "TX",
							"zipcode": "75048",
							"country": "USA"
						}
					]
				},
				{
					"prodcutId": "VZ00030",
					"family": "Managed Sec",
					"productName": "0-99 Basic Security",
					"mandatory": "false",
					"items": [
						{
							"itemType": "service",
							"itemName": "Surveillance services",
							"mandatory": "false",
							"quantity": "1",
							"unitOfMeasure": "per 100 users",
							"unitOneTimeCharge": "",
							"oneTimeCharge": "",
							"unitMonthlyRecurring": "75.00",
							"monthlyRecurring": "75.00",
							"shippable": "NA",
							"address": "",
							"city": "Dallas",
							"state": "TX",
							"zipcode": "75048",
							"country": "USA"
						},
						{
							"itemType": "resource",
							"itemName": "uCPE",
							"mandatory": "false",
							"quantity": "1",
							"unitOfMeasure": "per 100 Users",
							"unitOneTimeCharge": "75.00",
							"oneTimeCharge": "75.00",
							"unitMonthlyRecurring": "",
							"monthlyRecurring": "",
							"shippable": "default",
							"address": "1001 Beltline Road Dallas, Tx 75048 USA",
							"city": "Dallas",
							"state": "TX",
							"zipcode": "75048",
							"country": "USA"
						}
					]
				}
			]
		},
		{
			"bomTemplateId": "T03",
			"solutionType": "branchInABox",
			"bomTemplateName": "Template03",
			"bomTemplateStartDate": "02/26/2018",
			"bomTemplateExpiryDate": "02/26/2019",
			"bomSelectionCriteria": "TBD",
			"author": "verizon",
			"authoredDate": "02/26/2018",
			"products": [
				{
					"prodcutId": "VZ00033",
					"family": "SDWAN",
					"productName": "0-99 users",
					"mandatory": "true",
					"items": [
						{
							"itemType": "service",
							"itemName": "Viptela - Complete - MED",
							"mandatory": "true",
							"quantity": "NA",
							"unitOfMeasure": "NA",
							"unitOneTimeCharge": "NA",
							"oneTimeCharge": "175.00",
							"unitMonthlyRecurring": "NA",
							"monthlyRecurring": "110.00",
							"shippable": "NA",
							"address": "",
							"city": "Dallas",
							"state": "TX",
							"zipcode": "75048",
							"country": "USA"
						},
						{
							"itemType": "resource",
							"itemName": "uCPE",
							"mandatory": "true",
							"quantity": "1",
							"unitOfMeasure": "per 100 user",
							"unitOneTimeCharge": "NA",
							"oneTimeCharge": "NA",
							"unitMonthlyRecurring": "5.00",
							"monthlyRecurring": "5.00",
							"shippable": "default",
							"address": "1001 Beltline Road Dallas, Tx 75048 USA",
							"city": "Dallas",
							"state": "TX",
							"zipcode": "75048",
							"country": "USA"
						},
						{
							"itemType": "service",
							"itemName": "Annual Maintenance",
							"mandatory": "false",
							"quantity": "NA",
							"unitOfMeasure": "NA",
							"unitOneTimeCharge": "NA",
							"oneTimeCharge": "NA",
							"unitMonthlyRecurring": "NA",
							"monthlyRecurring": "20.00",
							"shippable": "NA",
							"address": "",
							"city": "Dallas",
							"state": "TX",
							"zipcode": "75048",
							"country": "USA"
						},
						{
							"itemType": "service",
							"itemName": "200 MBPs Internet",
							"mandatory": "true",
							"quantity": "NA",
							"unitOfMeasure": "NA",
							"unitOneTimeCharge": "NA",
							"oneTimeCharge": "Included",
							"unitMonthlyRecurring": "NA",
							"monthlyRecurring": "Included",
							"shippable": "NA",
							"address": "",
							"city": "Dallas",
							"state": "TX",
							"zipcode": "75048",
							"country": "USA"
						},
						{
							"itemType": "service",
							"itemName": "AAR Services",
							"mandatory": "true",
							"quantity": "1",
							"unitOfMeasure": "Per 100 Users",
							"unitOneTimeCharge": "NA",
							"oneTimeCharge": "Included",
							"unitMonthlyRecurring": "150.00",
							"monthlyRecurring": "150.00",
							"shippable": "NA",
							"address": "",
							"city": "Dallas",
							"state": "TX",
							"zipcode": "75048",
							"country": "USA"
						},
						{
							"itemType": "service",
							"itemName": "Installation Service",
							"mandatory": "false",
							"quantity": "1",
							"unitOfMeasure": "uCPE",
							"unitOneTimeCharge": "100.00",
							"oneTimeCharge": "100.00",
							"unitMonthlyRecurring": "NA",
							"monthlyRecurring": "NA",
							"shippable": "service",
							"address": "1001 Beltline Road Dallas, Tx 75048 USA"
						}
					]
				},
				{
					"prodcutId": "VZ00031",
					"family": "Managed WIFI",
					"productName": "WIFI min Config(1 floor, 2500sqft)",
					"mandatory": "true",
					"items": [
						{
							"itemType": "resource",
							"itemName": "WiFi Gateway uCPE",
							"mandatory": "true",
							"quantity": "1",
							"unitOfMeasure": "per 100 users",
							"unitOneTimeCharge": "275.00",
							"oneTimeCharge": "275.00",
							"unitMonthlyRecurring": "20.00",
							"monthlyRecurring": "20.00",
							"shippable": "default",
							"address": "1001 Beltline Road Dallas, Tx 75048 USA",
							"city": "Dallas",
							"state": "TX",
							"zipcode": "75048",
							"country": "USA"
						},
						{
							"itemType": "service",
							"itemName": "SSID",
							"mandatory": "true",
							"quantity": "2",
							"unitOfMeasure": "Requested",
							"unitOneTimeCharge": "Included",
							"oneTimeCharge": "Included",
							"unitMonthlyRecurring": "Included",
							"monthlyRecurring": "Included",
							"shippable": "NA",
							"address": "",
							"city": "Dallas",
							"state": "TX",
							"zipcode": "75048",
							"country": "USA"
						},
						{
							"itemType": "resource",
							"itemName": "Beacons",
							"mandatory": "true",
							"quantity": "2",
							"unitOfMeasure": "Requested",
							"unitOneTimeCharge": "100.00",
							"oneTimeCharge": "200.00",
							"unitMonthlyRecurring": "",
							"monthlyRecurring": "",
							"shippable": "default",
							"address": "1001 Beltline Road Dallas, Tx 75048 USA",
							"city": "Dallas",
							"state": "TX",
							"zipcode": "75048",
							"country": "USA"
						},
						{
							"itemType": "service",
							"itemName": "Service Management",
							"mandatory": "true",
							"quantity": "1",
							"unitOfMeasure": "per 100 Users",
							"unitOneTimeCharge": "",
							"oneTimeCharge": "",
							"unitMonthlyRecurring": "100.00",
							"monthlyRecurring": "100.00",
							"shippable": "service",
							"address": "1001 Beltline Road Dallas, Tx 75048 USA",
							"city": "Dallas",
							"state": "TX",
							"zipcode": "75048",
							"country": "USA"
						},
						{
							"itemType": "service",
							"itemName": "Installation Service",
							"mandatory": "false",
							"quantity": "1",
							"unitOfMeasure": "per Floor",
							"unitOneTimeCharge": "300.00",
							"oneTimeCharge": "300.00",
							"unitMonthlyRecurring": "NA",
							"monthlyRecurring": "NA",
							"shippable": "service",
							"address": "1001 Beltline Road Dallas, Tx 75048 USA",
							"city": "Dallas",
							"state": "TX",
							"zipcode": "75048",
							"country": "USA"
						}
					]
				},
				{
					"prodcutId": "VZ00024",
					"family": "Managed LAN",
					"productName": "LAN",
					"mandatory": "false",
					"items": [
						{
							"itemType": "service",
							"itemName": "Wired LAN Monitoring",
							"mandatory": "false",
							"quantity": "1",
							"unitOfMeasure": "per 100 users",
							"unitOneTimeCharge": "",
							"oneTimeCharge": "",
							"unitMonthlyRecurring": "22.00",
							"monthlyRecurring": "22.00",
							"shippable": "NA",
							"address": "",
							"city": "Dallas",
							"state": "TX",
							"zipcode": "75048",
							"country": "USA"
						},
						{
							"itemType": "resource",
							"itemName": "uCPE",
							"mandatory": "false",
							"quantity": "5",
							"unitOfMeasure": "per 20 user",
							"unitOneTimeCharge": "75.00",
							"oneTimeCharge": "375.00",
							"unitMonthlyRecurring": "",
							"monthlyRecurring": "",
							"shippable": "default",
							"address": "1001 Beltline Road Dallas, Tx 75048 USA",
							"city": "Dallas",
							"state": "TX",
							"zipcode": "75048",
							"country": "USA"
						},
						{
							"itemType": "resource",
							"itemName": "Cable and Connectors",
							"mandatory": "false",
							"quantity": "100",
							"unitOfMeasure": "users",
							"unitOneTimeCharge": "5.00",
							"oneTimeCharge": "500.00",
							"unitMonthlyRecurring": "",
							"monthlyRecurring": "",
							"shippable": "default",
							"address": "1001 Beltline Road Dallas, Tx 75048 USA",
							"city": "Dallas",
							"state": "TX",
							"zipcode": "75048",
							"country": "USA"
						},
						{
							"itemType": "service",
							"itemName": "Installation Service",
							"mandatory": "false",
							"quantity": "100",
							"unitOfMeasure": "users",
							"unitOneTimeCharge": "7.00",
							"oneTimeCharge": "700.00",
							"unitMonthlyRecurring": "",
							"monthlyRecurring": "",
							"shippable": "service",
							"address": "1001 Beltline Road Dallas, Tx 75048 USA",
							"city": "Dallas",
							"state": "TX",
							"zipcode": "75048",
							"country": "USA"
						}
					]
				},
				{
					"prodcutId": "VZ00025",
					"family": "Primary Access",
					"productName": "Primary",
					"mandatory": "false",
					"items": [
						{
							"itemType": "service",
							"itemName": "100 MBPs Local Loop",
							"mandatory": "false",
							"quantity": "NA",
							"unitOfMeasure": "NA",
							"unitOneTimeCharge": "100.00",
							"oneTimeCharge": "100.00",
							"unitMonthlyRecurring": "20.00",
							"monthlyRecurring": "20.00",
							"shippable": "NA",
							"address": "",
							"city": "Dallas",
							"state": "TX",
							"zipcode": "75048",
							"country": "USA"
						},
						{
							"itemType": "resource",
							"itemName": "uCPE",
							"mandatory": "false",
							"quantity": "1",
							"unitOfMeasure": "per Local Loop",
							"unitOneTimeCharge": "100.00",
							"oneTimeCharge": "100.00",
							"unitMonthlyRecurring": "",
							"monthlyRecurring": "",
							"shippable": "default",
							"address": "1001 Beltline Road Dallas, Tx 75048 USA",
							"city": "Dallas",
							"state": "TX",
							"zipcode": "75048",
							"country": "USA"
						},
						{
							"itemType": "service",
							"itemName": "Installation Service",
							"mandatory": "false",
							"quantity": "",
							"unitOfMeasure": "",
							"unitOneTimeCharge": "100.00",
							"oneTimeCharge": "100.00",
							"unitMonthlyRecurring": "NA",
							"monthlyRecurring": "NA",
							"shippable": "service",
							"address": "1001 Beltline Road Dallas, Tx 75048 USA",
							"city": "Dallas",
							"state": "TX",
							"zipcode": "75048",
							"country": "USA"
						}
					]
				},
				{
					"prodcutId": "VZ00025",
					"family": "Backup Access",
					"productName": "Backup",
					"mandatory": "false",
					"items": [
						{
							"itemType": "service",
							"itemName": "Wireless 50MBPs Access",
							"mandatory": "false",
							"quantity": "NA",
							"unitOfMeasure": "NA",
							"unitOneTimeCharge": "80.00",
							"oneTimeCharge": "80.00",
							"unitMonthlyRecurring": "15.00",
							"monthlyRecurring": "15.00",
							"shippable": "NA",
							"address": "",
							"city": "Dallas",
							"state": "TX",
							"zipcode": "75048",
							"country": "USA"
						},
						{
							"itemType": "resource",
							"itemName": "uCPE",
							"mandatory": "false",
							"quantity": "1",
							"unitOfMeasure": "per Local Loop",
							"unitOneTimeCharge": "80.00",
							"oneTimeCharge": "80.00",
							"unitMonthlyRecurring": "",
							"monthlyRecurring": "",
							"shippable": "default",
							"address": "1001 Beltline Road Dallas, Tx 75048 USA",
							"city": "Dallas",
							"state": "TX",
							"zipcode": "75048",
							"country": "USA"
						},
						{
							"itemType": "service",
							"itemName": "Installation Service",
							"mandatory": "false",
							"quantity": "",
							"unitOfMeasure": "",
							"unitOneTimeCharge": "80.00",
							"oneTimeCharge": "80.00",
							"unitMonthlyRecurring": "NA",
							"monthlyRecurring": "NA",
							"shippable": "NA",
							"address": "",
							"city": "Dallas",
							"state": "TX",
							"zipcode": "75048",
							"country": "USA"
						}
					]
				},
				{
					"prodcutId": "VZ00025",
					"family": "Private IP",
					"productName": "Private IP",
					"mandatory": "false",
					"items": [
						{
							"itemType": "service",
							"itemName": "Static IP services",
							"mandatory": "false",
							"quantity": "1",
							"unitOfMeasure": "Requests",
							"unitOneTimeCharge": "200.00",
							"oneTimeCharge": "200.00",
							"unitMonthlyRecurring": "100.00",
							"monthlyRecurring": "100.00",
							"shippable": "NA",
							"address": "",
							"city": "Dallas",
							"state": "TX",
							"zipcode": "75048",
							"country": "USA"
						}
					]
				},
				{
					"prodcutId": "VZ00030",
					"family": "Managed Sec",
					"productName": "0-99 Basic Security",
					"mandatory": "false",
					"items": [
						{
							"itemType": "service",
							"itemName": "Surveillance services",
							"mandatory": "false",
							"quantity": "1",
							"unitOfMeasure": "per 100 users",
							"unitOneTimeCharge": "",
							"oneTimeCharge": "",
							"unitMonthlyRecurring": "75.00",
							"monthlyRecurring": "75.00",
							"shippable": "NA",
							"address": "",
							"city": "Dallas",
							"state": "TX",
							"zipcode": "75048",
							"country": "USA"
						},
						{
							"itemType": "resource",
							"itemName": "uCPE",
							"mandatory": "false",
							"quantity": "1",
							"unitOfMeasure": "per 100 Users",
							"unitOneTimeCharge": "75.00",
							"oneTimeCharge": "75.00",
							"unitMonthlyRecurring": "",
							"monthlyRecurring": "",
							"shippable": "default",
							"address": "1001 Beltline Road Dallas, Tx 75048 USA",
							"city": "Dallas",
							"state": "TX",
							"zipcode": "75048",
							"country": "USA"
						}
					]
				}
			]
		},
		{
			"bomTemplateId": "T04",
			"solutionType": "branchInABox",
			"bomTemplateName": "Template04",
			"bomTemplateStartDate": "02/26/2018",
			"bomTemplateExpiryDate": "02/26/2019",
			"bomSelectionCriteria": "TBD",
			"author": "verizon",
			"authoredDate": "02/26/2018",
			"products": [
				{
					"prodcutId": "VZ00033",
					"family": "SDWAN",
					"productName": "0-99 users",
					"mandatory": "true",
					"items": [
						{
							"itemType": "service",
							"itemName": "Viptela - Complete - MED",
							"mandatory": "true",
							"quantity": "NA",
							"unitOfMeasure": "NA",
							"unitOneTimeCharge": "NA",
							"oneTimeCharge": "175.00",
							"unitMonthlyRecurring": "NA",
							"monthlyRecurring": "110.00",
							"shippable": "NA",
							"address": "",
							"city": "Dallas",
							"state": "TX",
							"zipcode": "75048",
							"country": "USA"
						},
						{
							"itemType": "resource",
							"itemName": "uCPE",
							"mandatory": "true",
							"quantity": "1",
							"unitOfMeasure": "per 100 user",
							"unitOneTimeCharge": "NA",
							"oneTimeCharge": "NA",
							"unitMonthlyRecurring": "5.00",
							"monthlyRecurring": "5.00",
							"shippable": "default",
							"address": "1001 Beltline Road Dallas, Tx 75048 USA",
							"city": "Dallas",
							"state": "TX",
							"zipcode": "75048",
							"country": "USA"
						},
						{
							"itemType": "service",
							"itemName": "Annual Maintenance",
							"mandatory": "false",
							"quantity": "NA",
							"unitOfMeasure": "NA",
							"unitOneTimeCharge": "NA",
							"oneTimeCharge": "NA",
							"unitMonthlyRecurring": "NA",
							"monthlyRecurring": "20.00",
							"shippable": "NA",
							"address": "",
							"city": "Dallas",
							"state": "TX",
							"zipcode": "75048",
							"country": "USA"
						},
						{
							"itemType": "service",
							"itemName": "200 MBPs Internet",
							"mandatory": "true",
							"quantity": "NA",
							"unitOfMeasure": "NA",
							"unitOneTimeCharge": "NA",
							"oneTimeCharge": "Included",
							"unitMonthlyRecurring": "NA",
							"monthlyRecurring": "Included",
							"shippable": "NA",
							"address": "",
							"city": "Dallas",
							"state": "TX",
							"zipcode": "75048",
							"country": "USA"
						},
						{
							"itemType": "service",
							"itemName": "AAR Services",
							"mandatory": "true",
							"quantity": "1",
							"unitOfMeasure": "Per 100 Users",
							"unitOneTimeCharge": "NA",
							"oneTimeCharge": "Included",
							"unitMonthlyRecurring": "150.00",
							"monthlyRecurring": "150.00",
							"shippable": "NA",
							"address": "",
							"city": "Dallas",
							"state": "TX",
							"zipcode": "75048",
							"country": "USA"
						},
						{
							"itemType": "service",
							"itemName": "SCI Services",
							"mandatory": "true",
							"quantity": "1",
							"unitOfMeasure": "Per SCI",
							"unitOneTimeCharge": "550.00",
							"oneTimeCharge": "550.00",
							"unitMonthlyRecurring": "95.00",
							"monthlyRecurring": "95.00",
							"shippable": "NA",
							"address": "",
							"city": "Dallas",
							"state": "TX",
							"zipcode": "75048",
							"country": "USA"
						},
						{
							"itemType": "service",
							"itemName": "Installation Service",
							"mandatory": "false",
							"quantity": "1",
							"unitOfMeasure": "uCPE",
							"unitOneTimeCharge": "100.00",
							"oneTimeCharge": "100.00",
							"unitMonthlyRecurring": "NA",
							"monthlyRecurring": "NA",
							"shippable": "service",
							"address": "1001 Beltline Road Dallas, Tx 75048 USA",
							"city": "Dallas",
							"state": "TX",
							"zipcode": "75048",
							"country": "USA"
						}
					]
				},
				{
					"prodcutId": "VZ00031",
					"family": "Managed WIFI",
					"productName": "WIFI min Config(1 floor, 2500sqft)",
					"mandatory": "true",
					"items": [
						{
							"itemType": "resource",
							"itemName": "WiFi Gateway uCPE",
							"mandatory": "true",
							"quantity": "1",
							"unitOfMeasure": "per 100 users",
							"unitOneTimeCharge": "275.00",
							"oneTimeCharge": "275.00",
							"unitMonthlyRecurring": "20.00",
							"monthlyRecurring": "20.00",
							"shippable": "default",
							"address": "1001 Beltline Road Dallas, Tx 75048 USA",
							"city": "Dallas",
							"state": "TX",
							"zipcode": "75048",
							"country": "USA"
						},
						{
							"itemType": "service",
							"itemName": "SSID",
							"mandatory": "true",
							"quantity": "2",
							"unitOfMeasure": "Requested",
							"unitOneTimeCharge": "Included",
							"oneTimeCharge": "Included",
							"unitMonthlyRecurring": "Included",
							"monthlyRecurring": "Included",
							"shippable": "NA",
							"address": "",
							"city": "Dallas",
							"state": "TX",
							"zipcode": "75048",
							"country": "USA"
						},
						{
							"itemType": "resource",
							"itemName": "Beacons",
							"mandatory": "true",
							"quantity": "2",
							"unitOfMeasure": "Requested",
							"unitOneTimeCharge": "100.00",
							"oneTimeCharge": "200.00",
							"unitMonthlyRecurring": "",
							"monthlyRecurring": "",
							"shippable": "default",
							"address": "1001 Beltline Road Dallas, Tx 75048 USA",
							"city": "Dallas",
							"state": "TX",
							"zipcode": "75048",
							"country": "USA"
						},
						{
							"itemType": "service",
							"itemName": "Service Management",
							"mandatory": "true",
							"quantity": "1",
							"unitOfMeasure": "per 100 Users",
							"unitOneTimeCharge": "",
							"oneTimeCharge": "",
							"unitMonthlyRecurring": "100.00",
							"monthlyRecurring": "100.00",
							"shippable": "service",
							"address": "1001 Beltline Road Dallas, Tx 75048 USA",
							"city": "Dallas",
							"state": "TX",
							"zipcode": "75048",
							"country": "USA"
						},
						{
							"itemType": "service",
							"itemName": "Installation Service",
							"mandatory": "false",
							"quantity": "1",
							"unitOfMeasure": "per Floor",
							"unitOneTimeCharge": "300.00",
							"oneTimeCharge": "300.00",
							"unitMonthlyRecurring": "NA",
							"monthlyRecurring": "NA",
							"shippable": "service",
							"address": "1001 Beltline Road Dallas, Tx 75048 USA",
							"city": "Dallas",
							"state": "TX",
							"zipcode": "75048",
							"country": "USA"
						}
					]
				},
				{
					"prodcutId": "VZ00024",
					"family": "Managed LAN",
					"productName": "LAN",
					"mandatory": "false",
					"items": [
						{
							"itemType": "service",
							"itemName": "Wired LAN Monitoring",
							"mandatory": "false",
							"quantity": "1",
							"unitOfMeasure": "per 100 users",
							"unitOneTimeCharge": "",
							"oneTimeCharge": "",
							"unitMonthlyRecurring": "22.00",
							"monthlyRecurring": "22.00",
							"shippable": "NA",
							"address": "",
							"city": "Dallas",
							"state": "TX",
							"zipcode": "75048",
							"country": "USA"
						},
						{
							"itemType": "resource",
							"itemName": "uCPE",
							"mandatory": "false",
							"quantity": "5",
							"unitOfMeasure": "per 20 user",
							"unitOneTimeCharge": "75.00",
							"oneTimeCharge": "375.00",
							"unitMonthlyRecurring": "",
							"monthlyRecurring": "",
							"shippable": "default",
							"address": "1001 Beltline Road Dallas, Tx 75048 USA",
							"city": "Dallas",
							"state": "TX",
							"zipcode": "75048",
							"country": "USA"
						},
						{
							"itemType": "resource",
							"itemName": "Cable and Connectors",
							"mandatory": "false",
							"quantity": "100",
							"unitOfMeasure": "users",
							"unitOneTimeCharge": "5.00",
							"oneTimeCharge": "500.00",
							"unitMonthlyRecurring": "",
							"monthlyRecurring": "",
							"shippable": "default",
							"address": "1001 Beltline Road Dallas, Tx 75048 USA",
							"city": "Dallas",
							"state": "TX",
							"zipcode": "75048",
							"country": "USA"
						},
						{
							"itemType": "service",
							"itemName": "Installation Service",
							"mandatory": "false",
							"quantity": "100",
							"unitOfMeasure": "users",
							"unitOneTimeCharge": "7.00",
							"oneTimeCharge": "700.00",
							"unitMonthlyRecurring": "",
							"monthlyRecurring": "",
							"shippable": "service",
							"address": "1001 Beltline Road Dallas, Tx 75048 USA",
							"city": "Dallas",
							"state": "TX",
							"zipcode": "75048",
							"country": "USA"
						}
					]
				},
				{
					"prodcutId": "VZ00025",
					"family": "Primary Access",
					"productName": "Primary",
					"mandatory": "false",
					"items": [
						{
							"itemType": "service",
							"itemName": "100 MBPs Local Loop",
							"mandatory": "false",
							"quantity": "NA",
							"unitOfMeasure": "NA",
							"unitOneTimeCharge": "100.00",
							"oneTimeCharge": "100.00",
							"unitMonthlyRecurring": "20.00",
							"monthlyRecurring": "20.00",
							"shippable": "NA",
							"address": "",
							"city": "Dallas",
							"state": "TX",
							"zipcode": "75048",
							"country": "USA"
						},
						{
							"itemType": "resource",
							"itemName": "uCPE",
							"mandatory": "false",
							"quantity": "1",
							"unitOfMeasure": "per Local Loop",
							"unitOneTimeCharge": "100.00",
							"oneTimeCharge": "100.00",
							"unitMonthlyRecurring": "",
							"monthlyRecurring": "",
							"shippable": "default",
							"address": "1001 Beltline Road Dallas, Tx 75048 USA",
							"city": "Dallas",
							"state": "TX",
							"zipcode": "75048",
							"country": "USA"
						},
						{
							"itemType": "service",
							"itemName": "Installation Service",
							"mandatory": "false",
							"quantity": "",
							"unitOfMeasure": "",
							"unitOneTimeCharge": "100.00",
							"oneTimeCharge": "100.00",
							"unitMonthlyRecurring": "NA",
							"monthlyRecurring": "NA",
							"shippable": "NA",
							"address": "",
							"city": "Dallas",
							"state": "TX",
							"zipcode": "75048",
							"country": "USA"
						}
					]
				},
				{
					"prodcutId": "VZ00025",
					"family": "Backup Access",
					"productName": "Backup",
					"mandatory": "false",
					"items": [
						{
							"itemType": "service",
							"itemName": "Wireless 50MBPs Access",
							"mandatory": "false",
							"quantity": "NA",
							"unitOfMeasure": "NA",
							"unitOneTimeCharge": "80.00",
							"oneTimeCharge": "80.00",
							"unitMonthlyRecurring": "15.00",
							"monthlyRecurring": "15.00",
							"shippable": "NA",
							"address": "",
							"city": "Dallas",
							"state": "TX",
							"zipcode": "75048",
							"country": "USA"
						},
						{
							"itemType": "resource",
							"itemName": "uCPE",
							"mandatory": "false",
							"quantity": "1",
							"unitOfMeasure": "per Local Loop",
							"unitOneTimeCharge": "80.00",
							"oneTimeCharge": "80.00",
							"unitMonthlyRecurring": "",
							"monthlyRecurring": "",
							"shippable": "default",
							"address": "1001 Beltline Road Dallas, Tx 75048 USA",
							"city": "Dallas",
							"state": "TX",
							"zipcode": "75048",
							"country": "USA"
						},
						{
							"itemType": "service",
							"itemName": "Installation Service",
							"mandatory": "false",
							"quantity": "",
							"unitOfMeasure": "",
							"unitOneTimeCharge": "80.00",
							"oneTimeCharge": "80.00",
							"unitMonthlyRecurring": "NA",
							"monthlyRecurring": "NA",
							"shippable": "service",
							"address": "1001 Beltline Road Dallas, Tx 75048 USA",
							"city": "Dallas",
							"state": "TX",
							"zipcode": "75048",
							"country": "USA"
						}
					]
				},
				{
					"prodcutId": "VZ00025",
					"family": "Private IP",
					"productName": "Private IP",
					"mandatory": "false",
					"items": [
						{
							"itemType": "service",
							"itemName": "Static IP services",
							"mandatory": "false",
							"quantity": "1",
							"unitOfMeasure": "Requests",
							"unitOneTimeCharge": "200.00",
							"oneTimeCharge": "200.00",
							"unitMonthlyRecurring": "100.00",
							"monthlyRecurring": "100.00",
							"shippable": "NA",
							"address": "",
							"city": "Dallas",
							"state": "TX",
							"zipcode": "75048",
							"country": "USA"
						}
					]
				},
				{
					"prodcutId": "VZ00030",
					"family": "Managed Sec",
					"productName": "0-99 Basic Security",
					"mandatory": "false",
					"items": [
						{
							"itemType": "service",
							"itemName": "Surveillance services",
							"mandatory": "false",
							"quantity": "1",
							"unitOfMeasure": "per 100 users",
							"unitOneTimeCharge": "",
							"oneTimeCharge": "",
							"unitMonthlyRecurring": "75.00",
							"monthlyRecurring": "75.00",
							"shippable": "service",
							"address": "1001 Beltline Road Dallas, Tx 75048 USA",
							"city": "Dallas",
							"state": "TX",
							"zipcode": "75048",
							"country": "USA"
						},
						{
							"itemType": "resource",
							"itemName": "uCPE",
							"mandatory": "false",
							"quantity": "1",
							"unitOfMeasure": "per 100 Users",
							"unitOneTimeCharge": "75.00",
							"oneTimeCharge": "75.00",
							"unitMonthlyRecurring": "",
							"monthlyRecurring": "",
							"shippable": "NA",
							"address": "",
							"city": "Dallas",
							"state": "TX",
							"zipcode": "75048",
							"country": "USA"
						}
					]
				}
			]
		},
		{
			"bomTemplateId": "T05",
			"solutionType": "branchInABox",
			"bomTemplateName": "Template05",
			"bomTemplateStartDate": "02/26/2018",
			"bomTemplateExpiryDate": "02/26/2019",
			"bomSelectionCriteria": "TBD",
			"author": "verizon",
			"authoredDate": "02/26/2018",
			"products": [
				{
					"prodcutId": "VZ00035",
					"family": "SDWAN",
					"productName": "0-99 users",
					"mandatory": "true",
					"items": [
						{
							"itemType": "service",
							"itemName": "Viptela - Complete - LG",
							"mandatory": "true",
							"quantity": "NA",
							"unitOfMeasure": "NA",
							"unitOneTimeCharge": "NA",
							"oneTimeCharge": "175.00",
							"unitMonthlyRecurring": "NA",
							"monthlyRecurring": "110",
							"shippable": "NA",
							"address": "",
							"city": "Dallas",
							"state": "TX",
							"zipcode": "75048",
							"country": "USA"
						},
						{
							"itemType": "resource",
							"itemName": "uCPE",
							"mandatory": "true",
							"quantity": "1",
							"unitOfMeasure": "per 100 user",
							"unitOneTimeCharge": "NA",
							"oneTimeCharge": "NA",
							"unitMonthlyRecurring": "5.00",
							"monthlyRecurring": "5.00",
							"shippable": "default",
							"address": "1001 Beltline Road Dallas, Tx 75048 USA",
							"city": "Dallas",
							"state": "TX",
							"zipcode": "75048",
							"country": "USA"
						},
						{
							"itemType": "service",
							"itemName": "Annual Maintenance",
							"mandatory": "false",
							"quantity": "NA",
							"unitOfMeasure": "NA",
							"unitOneTimeCharge": "NA",
							"oneTimeCharge": "NA",
							"unitMonthlyRecurring": "NA",
							"monthlyRecurring": "20.00",
							"shippable": "NA",
							"address": "",
							"city": "Dallas",
							"state": "TX",
							"zipcode": "75048",
							"country": "USA"
						},
						{
							"itemType": "service",
							"itemName": "200 MBPs Internet",
							"mandatory": "true",
							"quantity": "NA",
							"unitOfMeasure": "NA",
							"unitOneTimeCharge": "NA",
							"oneTimeCharge": "Included",
							"unitMonthlyRecurring": "NA",
							"monthlyRecurring": "Included",
							"shippable": "NA",
							"address": "",
							"city": "Dallas",
							"state": "TX",
							"zipcode": "75048",
							"country": "USA"
						},
						{
							"itemType": "service",
							"itemName": "AAR Services",
							"mandatory": "true",
							"quantity": "1",
							"unitOfMeasure": "Per 100 Users",
							"unitOneTimeCharge": "NA",
							"oneTimeCharge": "Included",
							"unitMonthlyRecurring": "150.00",
							"monthlyRecurring": "150.00",
							"shippable": "NA",
							"address": "",
							"city": "Dallas",
							"state": "TX",
							"zipcode": "75048",
							"country": "USA"
						},
						{
							"itemType": "service",
							"itemName": "SCI Services",
							"mandatory": "true",
							"quantity": "1",
							"unitOfMeasure": "Per SCI",
							"unitOneTimeCharge": "550.00",
							"oneTimeCharge": "550.00",
							"unitMonthlyRecurring": "95.00",
							"monthlyRecurring": "95.00",
							"shippable": "NA",
							"address": "",
							"city": "Dallas",
							"state": "TX",
							"zipcode": "75048",
							"country": "USA"
						},
						{
							"itemType": "service",
							"itemName": "Hosted DC, Custom SCI",
							"mandatory": "true",
							"quantity": "1",
							"unitOfMeasure": "Per SCI",
							"unitOneTimeCharge": "1200.00",
							"oneTimeCharge": "1200.00",
							"unitMonthlyRecurring": "95.00",
							"monthlyRecurring": "95.00",
							"shippable": "ShipToCollect",
							"address": "",
							"city": "Dallas",
							"state": "TX",
							"zipcode": "75048",
							"country": "USA"
						},
						{
							"itemType": "service",
							"itemName": "Installation Service",
							"mandatory": "false",
							"quantity": "1",
							"unitOfMeasure": "uCPE",
							"unitOneTimeCharge": "100.00",
							"oneTimeCharge": "100.00",
							"unitMonthlyRecurring": "NA",
							"monthlyRecurring": "NA",
							"shippable": "service",
							"address": "1001 Beltline Road Dallas, Tx 75048 USA",
							"city": "Dallas",
							"state": "TX",
							"zipcode": "75048",
							"country": "USA"
						}
					]
				},
				{
					"prodcutId": "VZ00031",
					"family": "Managed WIFI",
					"productName": "WIFI min Config(1 floor, 2500sqft)",
					"mandatory": "true",
					"items": [
						{
							"itemType": "resource",
							"itemName": "WiFi Gateway uCPE",
							"mandatory": "true",
							"quantity": "1",
							"unitOfMeasure": "per 100 users",
							"unitOneTimeCharge": "275.00",
							"oneTimeCharge": "275.00",
							"unitMonthlyRecurring": "20.00",
							"monthlyRecurring": "20.00",
							"shippable": "default",
							"address": "1001 Beltline Road Dallas, Tx 75048 USA",
							"city": "Dallas",
							"state": "TX",
							"zipcode": "75048",
							"country": "USA"
						},
						{
							"itemType": "service",
							"itemName": "SSID",
							"mandatory": "true",
							"quantity": "2",
							"unitOfMeasure": "Requested",
							"unitOneTimeCharge": "Included",
							"oneTimeCharge": "Included",
							"unitMonthlyRecurring": "Included",
							"monthlyRecurring": "Included",
							"shippable": "NA",
							"address": "",
							"city": "Dallas",
							"state": "TX",
							"zipcode": "75048",
							"country": "USA"
						},
						{
							"itemType": "resource",
							"itemName": "Beacons",
							"mandatory": "true",
							"quantity": "2",
							"unitOfMeasure": "Requested",
							"unitOneTimeCharge": "100.00",
							"oneTimeCharge": "200.00",
							"unitMonthlyRecurring": "",
							"monthlyRecurring": "",
							"shippable": "default",
							"address": "1001 Beltline Road Dallas, Tx 75048 USA",
							"city": "Dallas",
							"state": "TX",
							"zipcode": "75048",
							"country": "USA"
						},
						{
							"itemType": "service",
							"itemName": "Service Management",
							"mandatory": "true",
							"quantity": "1",
							"unitOfMeasure": "per 100 Users",
							"unitOneTimeCharge": "",
							"oneTimeCharge": "",
							"unitMonthlyRecurring": "100.00",
							"monthlyRecurring": "100.00",
							"shippable": "service",
							"address": "1001 Beltline Road Dallas, Tx 75048 USA",
							"city": "Dallas",
							"state": "TX",
							"zipcode": "75048",
							"country": "USA"
						},
						{
							"itemType": "service",
							"itemName": "Installation Service",
							"mandatory": "false",
							"quantity": "1",
							"unitOfMeasure": "per Floor",
							"unitOneTimeCharge": "300.00",
							"oneTimeCharge": "300.00",
							"unitMonthlyRecurring": "NA",
							"monthlyRecurring": "NA",
							"shippable": "service",
							"address": "1001 Beltline Road Dallas, Tx 75048 USA",
							"city": "Dallas",
							"state": "TX",
							"zipcode": "75048",
							"country": "USA"
						}
					]
				},
				{
					"prodcutId": "VZ00024",
					"family": "Managed LAN",
					"productName": "LAN",
					"mandatory": "false",
					"items": [
						{
							"itemType": "service",
							"itemName": "Wired LAN Monitoring",
							"mandatory": "false",
							"quantity": "1",
							"unitOfMeasure": "per 100 users",
							"unitOneTimeCharge": "",
							"oneTimeCharge": "",
							"unitMonthlyRecurring": "22.00",
							"monthlyRecurring": "22.00",
							"shippable": "NA",
							"address": "",
							"city": "Dallas",
							"state": "TX",
							"zipcode": "75048",
							"country": "USA"
						},
						{
							"itemType": "resource",
							"itemName": "uCPE",
							"mandatory": "false",
							"quantity": "5",
							"unitOfMeasure": "per 20 user",
							"unitOneTimeCharge": "75.00",
							"oneTimeCharge": "375.00",
							"unitMonthlyRecurring": "",
							"monthlyRecurring": "",
							"shippable": "default",
							"address": "1001 Beltline Road Dallas, Tx 75048 USA",
							"city": "Dallas",
							"state": "TX",
							"zipcode": "75048",
							"country": "USA"
						},
						{
							"itemType": "resource",
							"itemName": "Cable and Connectors",
							"mandatory": "false",
							"quantity": "100",
							"unitOfMeasure": "users",
							"unitOneTimeCharge": "5.00",
							"oneTimeCharge": "500.00",
							"unitMonthlyRecurring": "",
							"monthlyRecurring": "",
							"shippable": "default",
							"address": "1001 Beltline Road Dallas, Tx 75048 USA",
							"city": "Dallas",
							"state": "TX",
							"zipcode": "75048",
							"country": "USA"
						},
						{
							"itemType": "service",
							"itemName": "Installation Service",
							"mandatory": "false",
							"quantity": "100",
							"unitOfMeasure": "users",
							"unitOneTimeCharge": "7.00",
							"oneTimeCharge": "700.00",
							"unitMonthlyRecurring": "",
							"monthlyRecurring": "",
							"shippable": "service",
							"address": "1001 Beltline Road Dallas, Tx 75048 USA",
							"city": "Dallas",
							"state": "TX",
							"zipcode": "75048",
							"country": "USA"
						}
					]
				},
				{
					"prodcutId": "VZ00025",
					"family": "Primary Access",
					"productName": "Primary",
					"mandatory": "false",
					"items": [
						{
							"itemType": "service",
							"itemName": "100 MBPs Local Loop",
							"mandatory": "false",
							"quantity": "NA",
							"unitOfMeasure": "NA",
							"unitOneTimeCharge": "100.00",
							"oneTimeCharge": "100.00",
							"unitMonthlyRecurring": "20.00",
							"monthlyRecurring": "20.00",
							"shippable": "NA",
							"address": "",
							"city": "Dallas",
							"state": "TX",
							"zipcode": "75048",
							"country": "USA"
						},
						{
							"itemType": "resource",
							"itemName": "uCPE",
							"mandatory": "false",
							"quantity": "1",
							"unitOfMeasure": "per Local Loop",
							"unitOneTimeCharge": "100.00",
							"oneTimeCharge": "100.00",
							"unitMonthlyRecurring": "",
							"monthlyRecurring": "",
							"shippable": "default",
							"address": "1001 Beltline Road Dallas, Tx 75048 USA",
							"city": "Dallas",
							"state": "TX",
							"zipcode": "75048",
							"country": "USA"
						},
						{
							"itemType": "service",
							"itemName": "Installation Service",
							"mandatory": "false",
							"quantity": "",
							"unitOfMeasure": "",
							"unitOneTimeCharge": "100.00",
							"oneTimeCharge": "100.00",
							"unitMonthlyRecurring": "NA",
							"monthlyRecurring": "NA",
							"shippable": "NA",
							"address": "",
							"city": "Dallas",
							"state": "TX",
							"zipcode": "75048",
							"country": "USA"
						}
					]
				},
				{
					"prodcutId": "VZ00025",
					"family": "Backup Access",
					"productName": "Backup",
					"mandatory": "false",
					"items": [
						{
							"itemType": "service",
							"itemName": "Wireless 50MBPs Access",
							"mandatory": "false",
							"quantity": "NA",
							"unitOfMeasure": "NA",
							"unitOneTimeCharge": "80.00",
							"oneTimeCharge": "80.00",
							"unitMonthlyRecurring": "15.00",
							"monthlyRecurring": "15.00",
							"shippable": "NA",
							"address": "",
							"city": "Dallas",
							"state": "TX",
							"zipcode": "75048",
							"country": "USA"
						},
						{
							"itemType": "resource",
							"itemName": "uCPE",
							"mandatory": "false",
							"quantity": "1",
							"unitOfMeasure": "per Local Loop",
							"unitOneTimeCharge": "80.00",
							"oneTimeCharge": "80.00",
							"unitMonthlyRecurring": "",
							"monthlyRecurring": "",
							"shippable": "default",
							"address": "1001 Beltline Road Dallas, Tx 75048 USA",
							"city": "Dallas",
							"state": "TX",
							"zipcode": "75048",
							"country": "USA"
						},
						{
							"itemType": "service",
							"itemName": "Installation Service",
							"mandatory": "false",
							"quantity": "",
							"unitOfMeasure": "",
							"unitOneTimeCharge": "80.00",
							"oneTimeCharge": "80.00",
							"unitMonthlyRecurring": "NA",
							"monthlyRecurring": "NA",
							"shippable": "service",
							"address": "1001 Beltline Road Dallas, Tx 75048 USA",
							"city": "Dallas",
							"state": "TX",
							"zipcode": "75048",
							"country": "USA"
						}
					]
				},
				{
					"prodcutId": "VZ00025",
					"family": "Private IP",
					"productName": "Private IP",
					"mandatory": "false",
					"items": [
						{
							"itemType": "service",
							"itemName": "Static IP services",
							"mandatory": "false",
							"quantity": "1",
							"unitOfMeasure": "Requests",
							"unitOneTimeCharge": "200.00",
							"oneTimeCharge": "200.00",
							"unitMonthlyRecurring": "100.00",
							"monthlyRecurring": "100.00",
							"shippable": "NA",
							"address": "",
							"city": "Dallas",
							"state": "TX",
							"zipcode": "75048",
							"country": "USA"
						}
					]
				},
				{
					"prodcutId": "VZ00030",
					"family": "Managed Sec",
					"productName": "0-99 Basic Security",
					"mandatory": "false",
					"items": [
						{
							"itemType": "service",
							"itemName": "Surveillance services",
							"mandatory": "false",
							"quantity": "1",
							"unitOfMeasure": "per 100 users",
							"unitOneTimeCharge": "",
							"oneTimeCharge": "",
							"unitMonthlyRecurring": "75.00",
							"monthlyRecurring": "75.00",
							"shippable": "NA",
							"address": "",
							"city": "Dallas",
							"state": "TX",
							"zipcode": "75048",
							"country": "USA"
						},
						{
							"itemType": "resource",
							"itemName": "uCPE",
							"mandatory": "false",
							"quantity": "1",
							"unitOfMeasure": "per 100 Users",
							"unitOneTimeCharge": "75.00",
							"oneTimeCharge": "75.00",
							"unitMonthlyRecurring": "",
							"monthlyRecurring": "",
							"shippable": "default",
							"address": "1001 Beltline Road Dallas, Tx 75048 USA",
							"city": "Dallas",
							"state": "TX",
							"zipcode": "75048",
							"country": "USA"
						}
					]
				}
			]
		},
		{
			"bomTemplateId": "T06",
			"solutionType": "branchInABox",
			"bomTemplateName": "Template06",
			"bomTemplateStartDate": "02/26/2018",
			"bomTemplateExpiryDate": "02/26/2019",
			"bomSelectionCriteria": "TBD",
			"author": "verizon",
			"authoredDate": "02/26/2018",
			"products": [
				{
					"prodcutId": "VZ00035",
					"family": "SDWAN",
					"productName": "0-99 users",
					"mandatory": "true",
					"items": [
						{
							"itemType": "service",
							"itemName": "Viptela - Complete - LG",
							"mandatory": "true",
							"quantity": "NA",
							"unitOfMeasure": "NA",
							"unitOneTimeCharge": "NA",
							"oneTimeCharge": "175.00",
							"unitMonthlyRecurring": "NA",
							"monthlyRecurring": "110.00",
							"shippable": "NA",
							"address": "",
							"city": "Dallas",
							"state": "TX",
							"zipcode": "75048",
							"country": "USA"
						},
						{
							"itemType": "resource",
							"itemName": "uCPE",
							"mandatory": "true",
							"quantity": "1",
							"unitOfMeasure": "per 100 user",
							"unitOneTimeCharge": "NA",
							"oneTimeCharge": "NA",
							"unitMonthlyRecurring": "5.00",
							"monthlyRecurring": "5.00",
							"shippable": "default",
							"address": "1001 Beltline Road Dallas, Tx 75048 USA",
							"city": "Dallas",
							"state": "TX",
							"zipcode": "75048",
							"country": "USA"
						},
						{
							"itemType": "service",
							"itemName": "Annual Maintenance",
							"mandatory": "false",
							"quantity": "NA",
							"unitOfMeasure": "NA",
							"unitOneTimeCharge": "NA",
							"oneTimeCharge": "NA",
							"unitMonthlyRecurring": "NA",
							"monthlyRecurring": "20.00",
							"shippable": "NA",
							"address": "",
							"city": "Dallas",
							"state": "TX",
							"zipcode": "75048",
							"country": "USA"
						},
						{
							"itemType": "service",
							"itemName": "200 MBPs Internet",
							"mandatory": "true",
							"quantity": "NA",
							"unitOfMeasure": "NA",
							"unitOneTimeCharge": "NA",
							"oneTimeCharge": "Included",
							"unitMonthlyRecurring": "NA",
							"monthlyRecurring": "Included",
							"shippable": "NA",
							"address": "",
							"city": "Dallas",
							"state": "TX",
							"zipcode": "75048",
							"country": "USA"
						},
						{
							"itemType": "service",
							"itemName": "AAR Services",
							"mandatory": "true",
							"quantity": "1",
							"unitOfMeasure": "Per 100 Users",
							"unitOneTimeCharge": "NA",
							"oneTimeCharge": "Included",
							"unitMonthlyRecurring": "150.00",
							"monthlyRecurring": "150.00",
							"shippable": "NA",
							"address": "",
							"city": "Dallas",
							"state": "TX",
							"zipcode": "75048",
							"country": "USA"
						},
						{
							"itemType": "service",
							"itemName": "SCI Services",
							"mandatory": "true",
							"quantity": "1",
							"unitOfMeasure": "Per SCI",
							"unitOneTimeCharge": "550.00",
							"oneTimeCharge": "550.00",
							"unitMonthlyRecurring": "95.00",
							"monthlyRecurring": "95.00",
							"shippable": "NA",
							"address": "",
							"city": "Dallas",
							"state": "TX",
							"zipcode": "75048",
							"country": "USA"
						},
						{
							"itemType": "service",
							"itemName": "Hosted DC, Custom SCI",
							"mandatory": "true",
							"quantity": "1",
							"unitOfMeasure": "Per SCI",
							"unitOneTimeCharge": "1200.00",
							"oneTimeCharge": "1200.00",
							"unitMonthlyRecurring": "95.00",
							"monthlyRecurring": "95.00",
							"shippable": "ShipToCollect",
							"address": "",
							"city": "Dallas",
							"state": "TX",
							"zipcode": "75048",
							"country": "USA"
						},
						{
							"itemType": "service",
							"itemName": "Installation Service",
							"mandatory": "false",
							"quantity": "1",
							"unitOfMeasure": "uCPE",
							"unitOneTimeCharge": "100.00",
							"oneTimeCharge": "100.00",
							"unitMonthlyRecurring": "NA",
							"monthlyRecurring": "NA",
							"shippable": "service",
							"address": "1001 Beltline Road Dallas, Tx 75048 USA",
							"city": "Dallas",
							"state": "TX",
							"zipcode": "75048",
							"country": "USA"
						}
					]
				},
				{
					"prodcutId": "VZ00031",
					"family": "Managed WIFI",
					"productName": "WIFI min Config(1 floor, 2500sqft)",
					"mandatory": "true",
					"items": [
						{
							"itemType": "resource",
							"itemName": "WiFi Gateway uCPE",
							"mandatory": "true",
							"quantity": "1",
							"unitOfMeasure": "per 100 users",
							"unitOneTimeCharge": "275.00",
							"oneTimeCharge": "275.00",
							"unitMonthlyRecurring": "20.00",
							"monthlyRecurring": "20.00",
							"shippable": "default",
							"address": "1001 Beltline Road Dallas, Tx 75048 USA",
							"city": "Dallas",
							"state": "TX",
							"zipcode": "75048",
							"country": "USA"
						},
						{
							"itemType": "service",
							"itemName": "SSID",
							"mandatory": "true",
							"quantity": "2",
							"unitOfMeasure": "Requested",
							"unitOneTimeCharge": "Included",
							"oneTimeCharge": "Included",
							"unitMonthlyRecurring": "Included",
							"monthlyRecurring": "Included",
							"shippable": "NA",
							"address": "",
							"city": "Dallas",
							"state": "TX",
							"zipcode": "75048",
							"country": "USA"
						},
						{
							"itemType": "resource",
							"itemName": "Beacons",
							"mandatory": "true",
							"quantity": "2",
							"unitOfMeasure": "Requested",
							"unitOneTimeCharge": "100.00",
							"oneTimeCharge": "200.00",
							"unitMonthlyRecurring": "",
							"monthlyRecurring": "",
							"shippable": "default",
							"address": "1001 Beltline Road Dallas, Tx 75048 USA",
							"city": "Dallas",
							"state": "TX",
							"zipcode": "75048",
							"country": "USA"
						},
						{
							"itemType": "service",
							"itemName": "Service Management",
							"mandatory": "true",
							"quantity": "1",
							"unitOfMeasure": "per 100 Users",
							"unitOneTimeCharge": "",
							"oneTimeCharge": "",
							"unitMonthlyRecurring": "100.00",
							"monthlyRecurring": "100.00",
							"shippable": "NA",
							"address": "",
							"city": "Dallas",
							"state": "TX",
							"zipcode": "75048",
							"country": "USA"
						},
						{
							"itemType": "service",
							"itemName": "Installation Service",
							"mandatory": "false",
							"quantity": "1",
							"unitOfMeasure": "per Floor",
							"unitOneTimeCharge": "300.00",
							"oneTimeCharge": "300.00",
							"unitMonthlyRecurring": "NA",
							"monthlyRecurring": "NA",
							"shippable": "service",
							"address": "1001 Beltline Road Dallas, Tx 75048 USA",
							"city": "Dallas",
							"state": "TX",
							"zipcode": "75048",
							"country": "USA"
						}
					]
				},
				{
					"prodcutId": "VZ00035",
					"family": "UCaaS",
					"productName": "Managed Voice 0-99 USers",
					"mandatory": "true",
					"items": [
						{
							"itemType": "service",
							"itemName": "UCaaS Service",
							"mandatory": "",
							"quantity": "1",
							"unitOfMeasure": "Per 100 Users",
							"unitOneTimeCharge": "170.00",
							"oneTimeCharge": "170.00",
							"unitMonthlyRecurring": "550.00",
							"monthlyRecurring": "550.00",
							"shippable": "NA",
							"address": "",
							"city": "Dallas",
							"state": "TX",
							"zipcode": "75048",
							"country": "USA"
						},
						{
							"itemType": "resource",
							"itemName": "uCPE",
							"mandatory": "true",
							"quantity": "1",
							"unitOfMeasure": "per 100 user",
							"unitOneTimeCharge": "75.00",
							"oneTimeCharge": "75.00",
							"unitMonthlyRecurring": "",
							"monthlyRecurring": "",
							"shippable": "default",
							"address": "1001 Beltline Road Dallas, Tx 75048 USA",
							"city": "Dallas",
							"state": "TX",
							"zipcode": "75048",
							"country": "USA"
						},
						{
							"itemType": "resource",
							"itemName": "User Equipment",
							"mandatory": "true",
							"quantity": "99",
							"unitOfMeasure": "Users",
							"unitOneTimeCharge": "5",
							"oneTimeCharge": "495.00",
							"unitMonthlyRecurring": "",
							"monthlyRecurring": "",
							"shippable": "default",
							"address": "1001 Beltline Road Dallas, Tx 75048 USA",
							"city": "Dallas",
							"state": "TX",
							"zipcode": "75048",
							"country": "USA"
						},
						{
							"itemType": "resource",
							"itemName": "Reception Equipment",
							"mandatory": "true",
							"quantity": "2",
							"unitOfMeasure": "Users",
							"unitOneTimeCharge": "100.00",
							"oneTimeCharge": "200.00",
							"unitMonthlyRecurring": "",
							"monthlyRecurring": "",
							"shippable": "default",
							"address": "1001 Beltline Road Dallas, Tx 75048 USA",
							"city": "Dallas",
							"state": "TX",
							"zipcode": "75048",
							"country": "USA"
						},
						{
							"itemType": "resource",
							"itemName": "Conference Equipment",
							"mandatory": "true",
							"quantity": "1",
							"unitOfMeasure": "Users",
							"unitOneTimeCharge": "85.00",
							"oneTimeCharge": "85.00",
							"unitMonthlyRecurring": "",
							"monthlyRecurring": "",
							"shippable": "default",
							"address": "1001 Beltline Road Dallas, Tx 75048 USA",
							"city": "Dallas",
							"state": "TX",
							"zipcode": "75048",
							"country": "USA"
						},
						{
							"itemType": "service",
							"itemName": "Installation Service",
							"mandatory": "false",
							"quantity": "1",
							"unitOfMeasure": "per floor",
							"unitOneTimeCharge": "300.00",
							"oneTimeCharge": "300.00",
							"unitMonthlyRecurring": "NA",
							"monthlyRecurring": "",
							"shippable": "service",
							"address": "1001 Beltline Road Dallas, Tx 75048 USA",
							"city": "Dallas",
							"state": "TX",
							"zipcode": "75048",
							"country": "USA"
						}
					]
				},
				{
					"prodcutId": "VZ00024",
					"family": "Managed LAN",
					"productName": "LAN",
					"mandatory": "false",
					"items": [
						{
							"itemType": "service",
							"itemName": "Wired LAN Monitoring",
							"mandatory": "false",
							"quantity": "1",
							"unitOfMeasure": "per 100 users",
							"unitOneTimeCharge": "",
							"oneTimeCharge": "",
							"unitMonthlyRecurring": "22.00",
							"monthlyRecurring": "22.00",
							"shippable": "NA",
							"address": "",
							"city": "Dallas",
							"state": "TX",
							"zipcode": "75048",
							"country": "USA"
						},
						{
							"itemType": "resource",
							"itemName": "uCPE",
							"mandatory": "false",
							"quantity": "5",
							"unitOfMeasure": "per 20 user",
							"unitOneTimeCharge": "75.00",
							"oneTimeCharge": "375.00",
							"unitMonthlyRecurring": "",
							"monthlyRecurring": "",
							"shippable": "default",
							"address": "1001 Beltline Road Dallas, Tx 75048 USA",
							"city": "Dallas",
							"state": "TX",
							"zipcode": "75048",
							"country": "USA"
						},
						{
							"itemType": "resource",
							"itemName": "Cable and Connectors",
							"mandatory": "false",
							"quantity": "100",
							"unitOfMeasure": "users",
							"unitOneTimeCharge": "5.00",
							"oneTimeCharge": "500.00",
							"unitMonthlyRecurring": "",
							"monthlyRecurring": "",
							"shippable": "default",
							"address": "1001 Beltline Road Dallas, Tx 75048 USA",
							"city": "Dallas",
							"state": "TX",
							"zipcode": "75048",
							"country": "USA"
						},
						{
							"itemType": "service",
							"itemName": "Installation Service",
							"mandatory": "false",
							"quantity": "100",
							"unitOfMeasure": "users",
							"unitOneTimeCharge": "7.00",
							"oneTimeCharge": "700.00",
							"unitMonthlyRecurring": "",
							"monthlyRecurring": "",
							"shippable": "service",
							"address": "1001 Beltline Road Dallas, Tx 75048 USA",
							"city": "Dallas",
							"state": "TX",
							"zipcode": "75048",
							"country": "USA"
						}
					]
				},
				{
					"prodcutId": "VZ00025",
					"family": "Primary Access",
					"productName": "Primary",
					"mandatory": "false",
					"items": [
						{
							"itemType": "service",
							"itemName": "100 MBPs Local Loop",
							"mandatory": "false",
							"quantity": "NA",
							"unitOfMeasure": "NA",
							"unitOneTimeCharge": "100.00",
							"oneTimeCharge": "100.00",
							"unitMonthlyRecurring": "20.00",
							"monthlyRecurring": "20.00",
							"shippable": "NA",
							"address": "",
							"city": "Dallas",
							"state": "TX",
							"zipcode": "75048",
							"country": "USA"
						},
						{
							"itemType": "resource",
							"itemName": "uCPE",
							"mandatory": "false",
							"quantity": "1",
							"unitOfMeasure": "per Local Loop",
							"unitOneTimeCharge": "100.00",
							"oneTimeCharge": "100.00",
							"unitMonthlyRecurring": "",
							"monthlyRecurring": "",
							"shippable": "default",
							"address": "1001 Beltline Road Dallas, Tx 75048 USA",
							"city": "Dallas",
							"state": "TX",
							"zipcode": "75048",
							"country": "USA"
						},
						{
							"itemType": "service",
							"itemName": "Installation Service",
							"mandatory": "false",
							"quantity": "",
							"unitOfMeasure": "",
							"unitOneTimeCharge": "100.00",
							"oneTimeCharge": "100.00",
							"unitMonthlyRecurring": "NA",
							"monthlyRecurring": "NA",
							"shippable": "NA",
							"address": "",
							"city": "Dallas",
							"state": "TX",
							"zipcode": "75048",
							"country": "USA"
						}
					]
				},
				{
					"prodcutId": "VZ00025",
					"family": "Backup Access",
					"productName": "Backup",
					"mandatory": "false",
					"items": [
						{
							"itemType": "service",
							"itemName": "Wireless 50MBPs Access",
							"mandatory": "false",
							"quantity": "NA",
							"unitOfMeasure": "NA",
							"unitOneTimeCharge": "80.00",
							"oneTimeCharge": "80.00",
							"unitMonthlyRecurring": "15.00",
							"monthlyRecurring": "15.00",
							"shippable": "NA",
							"address": "",
							"city": "Dallas",
							"state": "TX",
							"zipcode": "75048",
							"country": "USA"
						},
						{
							"itemType": "resource",
							"itemName": "uCPE",
							"mandatory": "false",
							"quantity": "1",
							"unitOfMeasure": "per Local Loop",
							"unitOneTimeCharge": "80.00",
							"oneTimeCharge": "80.00",
							"unitMonthlyRecurring": "",
							"monthlyRecurring": "",
							"shippable": "default",
							"address": "1001 Beltline Road Dallas, Tx 75048 USA",
							"city": "Dallas",
							"state": "TX",
							"zipcode": "75048",
							"country": "USA"
						},
						{
							"itemType": "service",
							"itemName": "Installation Service",
							"mandatory": "false",
							"quantity": "",
							"unitOfMeasure": "",
							"unitOneTimeCharge": "80.00",
							"oneTimeCharge": "80.00",
							"unitMonthlyRecurring": "NA",
							"monthlyRecurring": "NA",
							"shippable": "service",
							"address": "1001 Beltline Road Dallas, Tx 75048 USA",
							"city": "Dallas",
							"state": "TX",
							"zipcode": "75048",
							"country": "USA"
						}
					]
				},
				{
					"prodcutId": "VZ00025",
					"family": "Private IP",
					"productName": "Private IP",
					"mandatory": "false",
					"items": [
						{
							"itemType": "service",
							"itemName": "Static IP services",
							"mandatory": "false",
							"quantity": "1",
							"unitOfMeasure": "Requests",
							"unitOneTimeCharge": "200.00",
							"oneTimeCharge": "200.00",
							"unitMonthlyRecurring": "100.00",
							"monthlyRecurring": "100.00",
							"shippable": "NA",
							"address": "",
							"city": "Dallas",
							"state": "TX",
							"zipcode": "75048",
							"country": "USA"
						}
					]
				},
				{
					"prodcutId": "VZ00030",
					"family": "Managed Sec",
					"productName": "0-99 Basic Security",
					"mandatory": "false",
					"items": [
						{
							"itemType": "service",
							"itemName": "Surveillance services",
							"mandatory": "false",
							"quantity": "1",
							"unitOfMeasure": "per 100 users",
							"unitOneTimeCharge": "",
							"oneTimeCharge": "",
							"unitMonthlyRecurring": "75.00",
							"monthlyRecurring": "75.00",
							"shippable": "NA",
							"address": "",
							"city": "Dallas",
							"state": "TX",
							"zipcode": "75048",
							"country": "USA"
						},
						{
							"itemType": "resource",
							"itemName": "uCPE",
							"mandatory": "false",
							"quantity": "1",
							"unitOfMeasure": "per 100 Users",
							"unitOneTimeCharge": "75.00",
							"oneTimeCharge": "75.00",
							"unitMonthlyRecurring": "",
							"monthlyRecurring": "",
							"shippable": "default",
							"address": "1001 Beltline Road Dallas, Tx 75048 USA",
							"city": "Dallas",
							"state": "TX",
							"zipcode": "75048",
							"country": "USA"
						}
					]
				}
			]
		}
	]
	}
}