[
  {"ID": "VZ0001",
  "Name": "John Smith",
  "Location": "Dallas",
  "Role": ["Administrator","Business Analyst"]},
  {"ID": "VZ0002",
  "Name": "John Smith",
  "Location": "Dallas",
  "Role": ["Administrator","Business Analyst"]},
  {"ID": "VZ0003",
  "Name": "John Smith",
  "Location": "Dallas",
  "Role": ["Administrator","Business Analyst"]},
  {"ID": "VZ0004",
  "Name": "John Smith",
  "Location": "Dallas",
  "Role": ["Administrator","Business Analyst"]},
  {"ID": "VZ0005",
  "Name": "John Smith",
  "Location": "Dallas",
  "Role": ["Administrator","Business Analyst"]}

]
