[
	
	{
		"ProblemId": "432",
		"ProblemName": "xxx",
		"ProblemDefination":"test1"
	},
	{
		"ProblemId": "762",
		"ProblemName": "yyy",
		"ProblemDefination":"test2"
	},
	{
		"ProblemId": "872",
		"ProblemName": "zzz",
		"ProblemDefination":"test3"
	},
	{
		"ProblemId": "562",
		"ProblemName": "yyy",
		"ProblemDefination":"test4"
	},
	{
		"ProblemId": "787",
		"ProblemName": "xxx",
		"ProblemDefination":"test5"
	},
	{
		"ProblemId": "232",
		"ProblemName": "yyy",
		"ProblemDefination":"test6"
	},
	{
		"ProblemId": "162",
		"ProblemName": "zzz",
		"ProblemDefination":"test7"
	},
	{
		"ProblemId": "745",
		"ProblemName": "yyy",
		"ProblemDefination":"test2"
	},
	{
		"ProblemId": "132",
		"ProblemName": "zzz",
		"ProblemDefination":"test8"
	},
	{
		"ProblemId": "786",
		"ProblemName": "yyy",
		"ProblemDefination":"test9"
	},
	{
		"ProblemId": "764",
		"ProblemName": "zzz",
		"ProblemDefination":"test10"
	},
	{
		"ProblemId": "345",
		"ProblemName": "xxx",
		"ProblemDefination":"test11"
	},
	{
		"ProblemId": "864",
		"ProblemName": "xxx",
		"ProblemDefination":"test12"
	},
	{
		"ProblemId": "245",
		"ProblemName": "yyy",
		"ProblemDefination":"test13"
	},
	{
		"ProblemId": "443",
		"ProblemName": "zzz",
		"ProblemDefination":"test14"
	}
	
]
