[
		{
			"accountName" : "xyz",
			"bomTemplateId": "T01",
			"solutionType": "branchInABox",
			"bomTemplateName": "Template01",
			"prodcutId": "VZ00023",
			"Family": "SDWAN",
			"productName": "0-99 users",
			"mandatory": "true",
			"items": [
				{
					"itemType": "service",
					"itemName": "Viptela - Complete - SM",
					"mandatory": "true",
					"quantity": "NA",
					"unitOfMeasure": "NA",
					"unitOneTimeCharge": "NA",
					"oneTimeCharge": "175.00",
					"unitMonthlyRecurring": "NA",
					"monthlyRecurring": "65.00",
					"shippable": "NA",
					"city": "Dallas",
					"state": "TX",
					"zipcode": "75048",
					"country": "USA"
				},
				{
					"itemType": "resource",
					"itemName": "uCPE",
					"mandatory": "true",
					"quantity": "1",
					"unitOfMeasure": "per 100 user",
					"unitOneTimeCharge": "NA",
					"oneTimeCharge": "NA",
					"unitMonthlyRecurring": "5.00",
					"monthlyRecurring": "5.00",
					"shippable": "default",
					"address": "18405 Sycamore Lane Pikesville, MD 21208 USA",
					"city": "Pikesville",
					"state": "MD",
					"state": "TX",
					"zipcode": "75048",
					"country": "USA"
				},
				{
					"itemType": "service",
					"itemName": "Annual Maintenance",
					"mandatory": "false",
					"quantity": "NA",
					"unitOfMeasure": "NA",
					"unitOneTimeCharge": "NA",
					"oneTimeCharge": "NA",
					"unitMonthlyRecurring": "NA",
					"monthlyRecurring": "20.00",
					"shippable": "NA",
					"address": "",
					"city": "Dallas",
					"state": "TX",
					"zipcode": "75048",
					"country": "USA"
				},
				{
					"itemType": "service",
					"itemName": "200 MBPs Internet",
					"mandatory": "true",
					"quantity": "NA",
					"unitOfMeasure": "NA",
					"unitOneTimeCharge": "NA",
					"oneTimeCharge": "Included",
					"unitMonthlyRecurring": "NA",
					"monthlyRecurring": "Included",
					"shippable": "NA",
					"address": "",
					"city": "Dallas",
					"state": "TX",
					"zipcode": "75048",
					"country": "USA"
				},
				{
					"itemType": "service",
					"itemName": "Installation Service",
					"mandatory": "false",
					"quantity": "1",
					"unitOfMeasure": "uCPE",
					"unitOneTimeCharge": "100.00",
					"oneTimeCharge": "100.00",
					"unitMonthlyRecurring": "NA",
					"monthlyRecurring": "NA",
					"shippable": "service",
					"address": "18405 Sycamore Lane Pikesville, MD 21208 USA",
					"city": "Pikesville",
					"state": "MD",
					"zipcode": "75048",
					"country": "USA"
				}
			]
		},
		{
			"prodcutId": "VZ00024",
			"Family": "Managed LAN",
			"productName": "LAN",
			"mandatory": "false",
			"items": [
				{
					"itemType": "service",
					"itemName": "Wired LAN Monitoring",
					"mandatory": "false",
					"quantity": "1",
					"unitOfMeasure": "per 100 users",
					"unitOneTimeCharge": "",
					"oneTimeCharge": "",
					"unitMonthlyRecurring": "22.00",
					"monthlyRecurring": "22.00",
					"shippable": "NA",
					"address": "",
					"city": "Dallas",
					"state": "TX",
					"zipcode": "75048",
					"country": "USA"
				},
				{
					"itemType": "resource",
					"itemName": "uCPE",
					"mandatory": "false",
					"quantity": "5",
					"unitOfMeasure": "per 20 user",
					"unitOneTimeCharge": "75.00",
					"oneTimeCharge": "375.00",
					"unitMonthlyRecurring": "",
					"monthlyRecurring": "",
					"shippable": "default",
					"address": "1001 Beltline Road Dallas, Tx 75048 USA",
					"city": "Dallas",
					"state": "TX",
					"zipcode": "75048",
					"country": "USA"
				},
				{
					"itemType": "resource",
					"itemName": "Cable and Connectors",
					"mandatory": "false",
					"quantity": "100",
					"unitOfMeasure": "users",
					"unitOneTimeCharge": "5.00",
					"oneTimeCharge": "500.00",
					"unitMonthlyRecurring": "",
					"monthlyRecurring": "",
					"shippable": "default",
					"address": "1001 Beltline Road Dallas, Tx 75048 USA",
					"city": "Dallas",
					"state": "TX",
					"zipcode": "75048",
					"country": "USA"
				},
				{
					"itemType": "service",
					"itemName": "Installation Service",
					"mandatory": "false",
					"quantity": "100",
					"unitOfMeasure": "users",
					"unitOneTimeCharge": "7.00",
					"oneTimeCharge": "700.00",
					"unitMonthlyRecurring": "",
					"monthlyRecurring": "",
					"shippable": "service",
					"address": "1001 Beltline Road Dallas, Tx 75048 USA",
					"city": "Dallas",
					"state": "TX",
					"zipcode": "75048",
					"country": "USA"
				}
			]
		},
		{
			"prodcutId": "VZ00025",
			"Family": "Primary Access",
			"productName": "Primary",
			"mandatory": "false",
			"items": [
				{
					"itemType": "service",
					"itemName": "100 MBPs Local Loop",
					"mandatory": "false",
					"quantity": "NA",
					"unitOfMeasure": "NA",
					"unitOneTimeCharge": "100.00",
					"oneTimeCharge": "100.00",
					"unitMonthlyRecurring": "20.00",
					"monthlyRecurring": "20.00",
					"shippable": "NA",
					"address": "",
					"city": "Dallas",
					"state": "TX",
					"zipcode": "75048",
					"country": "USA"
				},
				{
					"itemType": "resource",
					"itemName": "uCPE",
					"mandatory": "false",
					"quantity": "1",
					"unitOfMeasure": "per Local Loop",
					"unitOneTimeCharge": "100.00",
					"oneTimeCharge": "100.00",
					"unitMonthlyRecurring": "",
					"monthlyRecurring": "",
					"shippable": "default",
					"address": "1001 Beltline Road Dallas, Tx 75048 USA",
					"city": "Dallas",
					"state": "TX",
					"zipcode": "75048",
					"country": "USA"
				},
				{
					"itemType": "service",
					"itemName": "Installation Service",
					"mandatory": "false",
					"quantity": "",
					"unitOfMeasure": "",
					"unitOneTimeCharge": "100.00",
					"oneTimeCharge": "100.00",
					"unitMonthlyRecurring": "NA",
					"monthlyRecurring": "NA",
					"shippable": "NA",
					"address": "",
					"city": "Dallas",
					"state": "TX",
					"zipcode": "75048",
					"country": "USA"
				}
			]
		},
		{
			"prodcutId": "VZ00025",
			"Family": "Backup Access",
			"productName": "Backup",
			"mandatory": "false",
			"items": [
				{
					"itemType": "service",
					"itemName": "Wireless 50MBPs Access",
					"mandatory": "false",
					"quantity": "NA",
					"unitOfMeasure": "NA",
					"unitOneTimeCharge": "80.00",
					"oneTimeCharge": "80.00",
					"unitMonthlyRecurring": "15.00",
					"monthlyRecurring": "15.00",
					"shippable": "NA",
					"address": "",
					"city": "Dallas",
					"state": "TX",
					"zipcode": "75048",
					"country": "USA"
				},
				{
					"itemType": "resource",
					"itemName": "uCPE",
					"mandatory": "false",
					"quantity": "1",
					"unitOfMeasure": "per Local Loop",
					"unitOneTimeCharge": "80.00",
					"oneTimeCharge": "80.00",
					"unitMonthlyRecurring": "",
					"monthlyRecurring": "",
					"shippable": "default",
					"address": "951 Helen Drive Bartlett, IL 60103",
					"city": "Bartlett",
					"state": "IL",
					"zipcode": "75048",
					"country": "USA"
				},
				{
					"itemType": "service",
					"itemName": "Installation Service",
					"mandatory": "false",
					"quantity": "",
					"unitOfMeasure": "",
					"unitOneTimeCharge": "80.00",
					"oneTimeCharge": "80.00",
					"unitMonthlyRecurring": "NA",
					"monthlyRecurring": "NA",
					"shippable": "service",
					"address": "1001 Beltline Road Dallas, Tx 75048 USA",
					"city": "Dallas",
					"state": "TX",
					"zipcode": "75048",
					"country": "USA"
				}
			]
		},
		{
			"prodcutId": "VZ00025",
			"Family": "Private IP",
			"productName": "Private IP",
			"mandatory": "false",
			"items": [
				{
					"itemType": "service",
					"itemName": "Static IP services",
					"mandatory": "false",
					"quantity": "1",
					"unitOfMeasure": "Requests",
					"unitOneTimeCharge": "200.00",
					"oneTimeCharge": "200.00",
					"unitMonthlyRecurring": "100.00",
					"monthlyRecurring": "100.00",
					"shippable": "NA",
					"address": "",
					"city": "Dallas",
					"state": "TX",
					"zipcode": "75048",
					"country": "USA"
				}
			]
		},
		{
			"prodcutId": "VZ00030",
			"Family": "Managed Sec",
			"productName": "0-99 Basic Security",
			"mandatory": "false",
			"items": [
				{
					"itemType": "service",
					"itemName": "Surveillance services",
					"mandatory": "false",
					"quantity": "1",
					"unitOfMeasure": "per 100 users",
					"unitOneTimeCharge": "",
					"oneTimeCharge": "",
					"unitMonthlyRecurring": "75.00",
					"monthlyRecurring": "75.00",
					"shippable": "NA",
					"address": "951 Helen Drive Bartlett, IL 60103",
					"city": "Bartlett",
					"state": "IL",
					"zipcode": "60103",
					"country": "USA"
				},
				{
					"itemType": "resource",
					"itemName": "uCPE",
					"mandatory": "false",
					"quantity": "1",
					"unitOfMeasure": "per 100 Users",
					"unitOneTimeCharge": "75.00",
					"oneTimeCharge": "75.00",
					"unitMonthlyRecurring": "",
					"monthlyRecurring": "",
					"shippable": "default",
					"address": "8350 Wellness Drive Mason City, IA 50401 USA",
					"city": "Mason City",
					"state": "IA",
					"zipcode": "85705",
					"country": "USA"
				}
			]
		}
	]